timestamp,target_soc,mode,soc,stored_energy_MWh,exergy_total_MWh,exergy_solid_MWh,exergy_fluid_MWh,loss_ex_conv_kW,loss_ex_rad_kW,loss_ex_total_kW
2026-03-14 00:00:00,0.6,storage,0.0,-0.024806249118048258,0.8839415284067319,0.8471518759220116,0.036789652484720464,0.11184577166285824,0.012811807978279815,0.12465757964113805
2026-03-14 00:30:00,0.6,storage,0.0,-0.04960507745168485,0.8834803367591911,0.8466906842744707,0.036789652484720464,0.11177818389175644,0.01280604724966504,0.12458423114142149
2026-03-14 01:00:00,0.6,storage,0.0,-0.07439648722075903,0.883019385225166,0.8462297327404456,0.036789652484720464,0.11171063606672713,0.012800289352783592,0.12451092541951071
2026-03-14 01:30:00,0.6,storage,0.0,-0.09918048064451485,0.8825586736876401,0.8457690212029196,0.036789652484720464,0.1116431281646692,0.012794534286110147,0.12443766245077936
2026-03-14 02:00:00,0.6,storage,0.0,-0.12395705994156836,0.8820982020296504,0.84530854954493,0.036789652484720464,0.11157566016249515,0.012788782048120272,0.12436444221061542
2026-03-14 02:30:00,0.6,storage,0.0,-0.14872622732981863,0.8816379701342903,0.8448483176495699,0.036789652484720464,0.11150823203713019,0.012783032637290439,0.12429126467442063
2026-03-14 03:00:00,0.6,storage,0.0,-0.17348798502651444,0.8811779778846964,0.844388325399976,0.036789652484720464,0.11144084376551294,0.012777286052098082,0.12421812981761102
2026-03-14 03:30:00,0.6,storage,0.0,-0.19824233524820944,0.8807182251640655,0.8439285726793451,0.036789652484720464,0.11137349532459398,0.012771542291021228,0.12414503761561521
2026-03-14 04:00:00,0.6,storage,0.0,-0.22298928021087472,0.8802587118556382,0.8434690593709178,0.036789652484720464,0.11130618669133757,0.012765801352539042,0.12407198804387662
2026-03-14 04:30:00,0.6,storage,0.0,-0.24772882212974132,0.8797994378427128,0.8430097853579924,0.036789652484720464,0.11123891784272175,0.012760063235131548,0.1239989810778533
2026-03-14 05:00:00,0.6,storage,0.0,-0.27246096321939034,0.8793404030086369,0.8425507505239165,0.036789652484720464,0.11117168875573608,0.012754327937279535,0.12392601669301562
2026-03-14 05:30:00,0.6,storage,0.0,-0.2971857056937527,0.8788816072368059,0.8420919547520854,0.036789652484720464,0.11110449940738365,0.012748595457464656,0.12385309486484831
2026-03-14 06:00:00,0.6,storage,0.0,-0.321903051766109,0.8784230504106708,0.8416333979259504,0.036789652484720464,0.11103734977468119,0.01274286579416965,0.12378021556885084
2026-03-14 06:30:00,0.6,storage,0.0,-0.3466130036490679,0.8779647324137302,0.8411750799290099,0.036789652484720464,0.1109702398346578,0.012737138945877975,0.12370737878053578
2026-03-14 07:00:00,0.6,storage,0.0,-0.3713155635545647,0.8775066531295396,0.8407170006448192,0.036789652484720464,0.11090316956435499,0.01273141491107383,0.12363458447542881
2026-03-14 07:30:00,0.6,storage,0.0,-0.39601073369390755,0.8770488124416987,0.8402591599569783,0.036789652484720464,0.1108361389408277,0.012725693688242473,0.12356183262907017
2026-03-14 08:00:00,0.6,charging,0.09651604452251725,13.683502703208507,1.274260393734424,1.1179792900172734,0.15628110371715043,0.1524224832088532,0.016180155413844904,0.16860263862269811
2026-03-14 08:30:00,0.6,charging,0.19049351370750145,27.019895651534295,1.5725319834210416,1.409298325644929,0.16323365777611293,0.197631832302433,0.0197873923963729,0.2174192246988059
2026-03-14 09:00:00,0.6,charging,0.2727856609258724,38.70153677401045,1.8544819989735377,1.685107718875499,0.1693742800980388,0.2417545609802565,0.023214879571953714,0.26496944055221017
2026-03-14 09:30:00,0.6,charging,0.3447869573408034,48.924941940848576,2.11590264173663,1.94112633178392,0.17477630995270982,0.28374066002356013,0.026418807565852517,0.31015946758941265
2026-03-14 10:00:00,0.6,charging,0.4077354614077829,57.86481452158569,2.3550251546653547,2.1755124677464988,0.1795126869188561,0.3229772979609292,0.02937638165205774,0.3523536796129869
2026-03-14 10:30:00,0.6,charging,0.4627285935183974,65.67619155932083,2.5715834740518,2.387929864881569,0.18365360917023052,0.3591529883356743,0.032079601028989886,0.39123258936466415
2026-03-14 11:00:00,0.6,charging,0.5107376512208376,72.49643158000687,2.7662241718688296,2.57895907004437,0.18726510182445927,0.3921614261497109,0.034530651535695636,0.42669207768540657
2026-03-14 11:30:00,0.6,charging,0.5526210968107859,78.44704431928382,2.940127823972375,2.7497195792589024,0.19040824471347295,0.422033258667671,0.03673851024501957,0.4587717689126906
2026-03-14 12:00:00,0.6,charging,0.5891366662440889,83.63536592615364,3.0947635293547506,2.9016247959502417,0.19313873340450943,0.4488876960243368,0.03871646188318924,0.4876041579075261
2026-03-14 12:30:00,0.6,charging,0.6209523599129423,88.15608552726854,3.2317297974551193,3.0362227790208585,0.19550701843426127,0.47289830609921124,0.04048030037521959,0.5133786064744309
2026-03-14 13:00:00,0.6,storage,0.6205918757636626,88.10490649813765,3.2301902911595217,3.0346832727252604,0.19550701843426127,0.47262180685878946,0.040460019175076696,0.5130818260338661
2026-03-14 13:30:00,0.6,storage,0.6202314994627127,88.05374278056112,3.2286515120702743,3.033144493636013,0.19550701843426127,0.4723454651911513,0.040439749048335125,0.5127852142394864
2026-03-14 14:00:00,0.6,storage,0.61987123097782,88.00259436995697,3.2271134598774633,3.031606441443202,0.19550701843426127,0.4720692810093972,0.040419489988512726,0.5124887709979099
2026-03-14 14:30:00,0.6,storage,0.6195110702767201,87.95146126174456,3.2255761342712916,3.0300691158370303,0.19550701843426127,0.4717932542266736,0.0403992419891315,0.5121924962158051
2026-03-14 15:00:00,0.6,storage,0.6191510173271584,87.90034345134458,3.22403953494207,3.0285325165078087,0.19550701843426127,0.4715173847561729,0.040379005043717456,0.5118963897998904
2026-03-14 15:30:00,0.6,storage,0.61879107209689,87.84924093417918,3.222503661580227,3.026996643145966,0.19550701843426127,0.4712416725111321,0.040358779145800446,0.5116004516569326
2026-03-14 16:00:00,0.6,storage,0.6184312345536799,87.7981537056718,3.2209685138763016,3.0254614954420402,0.19550701843426127,0.4709661174048345,0.040338564288914476,0.511304681693749
2026-03-14 16:30:00,0.6,storage,0.6180715046653021,87.74708176124729,3.2194340915209443,3.023927073086683,0.19550701843426127,0.47069071935060885,0.04031836046659749,0.5110090798172063
2026-03-14 17:00:00,0.6,storage,0.6177118823995411,87.69602509633187,3.217900394204924,3.0223933757706627,0.19550701843426127,0.4704154782618294,0.040298167672391395,0.5107136459342208
2026-03-14 17:30:00,0.6,storage,0.6173523677241903,87.64498370635306,3.216367421619116,3.0208604031848547,0.19550701843426127,0.4701403940519162,0.04027798589984211,0.5104183799517583
2026-03-14 18:00:00,0.6,storage,0.6169929606070537,87.5939575867399,3.2148351734545138,3.0193281550202524,0.19550701843426127,0.46986546663433426,0.04025781514249958,0.5101232817768339
2026-03-14 18:30:00,0.6,storage,0.6166336610159433,87.54294673292267,3.2133036494022194,3.017796630967958,0.19550701843426127,0.46959069592259467,0.040237655393917604,0.5098283513165123
2026-03-14 19:00:00,0.6,storage,0.6162744689186831,87.491951140333,3.2117728491534523,3.0162658307191914,0.19550701843426127,0.46931608183025336,0.04021750664765409,0.5095335884779074
2026-03-14 19:30:00,0.6,storage,0.6159153842831041,87.44097080440403,3.2102427723995404,3.014735753965279,0.19550701843426127,0.4690416242709122,0.040197368897270866,0.5092389931681831
2026-03-14 20:00:00,0.6,storage,0.6155564070770491,87.39000572057013,3.208713418831927,3.013206400397666,0.19550701843426127,0.4687673231582187,0.040177242136333724,0.5089445652945525
2026-03-14 20:30:00,0.6,storage,0.6151975372683689,87.3390558842671,3.2071847881421673,3.011677769707906,0.19550701843426127,0.46849317840586535,0.0401571263584125,0.5086503047642779
2026-03-14 21:00:00,0.6,storage,0.6148387748249259,87.28812129093211,3.205656880021927,3.010149861587666,0.19550701843426127,0.4682191899275897,0.04013702155708089,0.5083562114846706
2026-03-14 21:30:00,0.6,storage,0.6144801197145897,87.23720193600369,3.20412969416299,3.008622675728729,0.19550701843426127,0.4679453576371751,0.04011692772591659,0.5080622853630917
2026-03-14 22:00:00,0.6,storage,0.6141215719052413,87.18629781492169,3.2026032302572487,3.007096211822988,0.19550701843426127,0.4676716814484506,0.04009684485850135,0.507768526306952
2026-03-14 22:30:00,0.6,storage,0.6137631313647709,87.13540892312739,3.201077487996709,3.0055704695624477,0.19550701843426127,0.46739816127528977,0.040076772948420714,0.5074749342237105
2026-03-14 23:00:00,0.6,storage,0.6134047980610772,87.0845352560634,3.199552467073488,3.004045448639227,0.19550701843426127,0.4671247970316119,0.04005671198926436,0.5071815090208763
2026-03-14 23:30:00,0.6,storage,0.6130465719620705,87.03367680917371,3.198028167179819,3.002521148745558,0.19550701843426127,0.4668515886313819,0.04003666197462581,0.5068882506060077
2026-03-15 00:00:00,0.6,storage,0.6126884530356699,86.98283357790365,3.196504588008043,3.000997569573782,0.19550701843426127,0.4665785359886088,0.04001662289810254,0.5065951588867114
2026-03-15 00:30:00,0.6,storage,0.6123304412498025,86.93200555769995,3.194981729250618,2.999474710816357,0.19550701843426127,0.46630563901734806,0.039996594753296026,0.5063022337706441
2026-03-15 01:00:00,0.6,storage,0.6119725365724076,86.88119274401069,3.19345959060011,2.997952572165849,0.19550701843426127,0.46603289763169997,0.03997657753381171,0.5060094751655118
2026-03-15 01:30:00,0.6,storage,0.6116147389714327,86.83039513228529,3.191938171749203,2.996431153314942,0.19550701843426127,0.4657603117458093,0.03995657123325884,0.5057168829790681
2026-03-15 02:00:00,0.6,storage,0.6112570484148349,86.77961271797453,3.190417472390689,2.9949104539564275,0.19550701843426127,0.4654878812738671,0.03993657584525079,0.5054244571191179
2026-03-15 02:30:00,0.6,storage,0.6108994648705811,86.72884549653062,3.1888974922174715,2.99339047378321,0.19550701843426127,0.4652156061301088,0.03991659136340481,0.5051321974935136
2026-03-15 03:00:00,0.6,storage,0.6105419883066472,86.67809346340707,3.1873782309225707,2.9918712124883093,0.19550701843426127,0.4649434862288154,0.03989661778134195,0.5048401040101573
2026-03-15 03:30:00,0.6,storage,0.6101846186910207,86.62735661405875,3.1858596881991157,2.990352669764855,0.19550701843426127,0.4646715214843125,0.03987665509268744,0.5045481765769999
2026-03-15 04:00:00,0.6,storage,0.6098273559916964,86.57663494394193,3.18434186374035,2.9888348453060893,0.19550701843426127,0.4643997118109713,0.03985670329107027,0.5042564151020416
2026-03-15 04:30:00,0.6,storage,0.6094702001766793,86.52592844851421,3.182824757239628,2.9873177388053667,0.19550701843426127,0.4641280571232071,0.03983676237012335,0.5039648194933304
2026-03-15 05:00:00,0.6,storage,0.6091131512139847,86.47523712323452,3.181308368390415,2.9858013499561538,0.19550701843426127,0.46385655733548187,0.03981683232348365,0.5036733896589655
2026-03-15 05:30:00,0.6,storage,0.6087562090716367,86.4245609635632,3.1797926968862913,2.9842856784520304,0.19550701843426127,0.4635852123623012,0.03979691314479197,0.5033821255070932
2026-03-15 06:00:00,0.6,storage,0.6083993737176692,86.37389996496198,3.178277742420948,2.9827707239866865,0.19550701843426127,0.46331402211821593,0.03977700482769305,0.503091026945909
2026-03-15 06:30:00,0.6,storage,0.6080426451201261,86.32325412289391,3.176763504688188,2.9812564862539266,0.19550701843426127,0.46304298651782233,0.03975710736583551,0.5028000938836579
2026-03-15 07:00:00,0.6,storage,0.6076860232470603,86.27262343282332,3.1752499833819265,2.9797429649476657,0.19550701843426127,0.462772105475761,0.03973722075287195,0.5025093262286329
2026-03-15 07:30:00,0.6,storage,0.6073295080665347,86.22200789021605,3.1737371781961907,2.9782301597619294,0.19550701843426127,0.46250137890671766,0.039717344982458914,0.5022187238891765
2026-03-15 08:00:00,0.6,storage,0.6069730995466212,86.17140749053918,3.17222508882512,2.9767180703908593,0.19550701843426127,0.4622308067254236,0.03969748004825675,0.5019282867736803
2026-03-15 08:30:00,0.6,storage,0.6066167976554018,86.12082222926121,3.1707137149629667,2.9752066965287054,0.19550701843426127,0.46196038884665386,0.03967762594392977,0.5016380147905836
2026-03-15 09:00:00,0.6,storage,0.6062606023609677,86.07025210185192,3.1692030563040925,2.973696037869831,0.19550701843426127,0.46169012518522945,0.039657782663146235,0.5013479078483757
2026-03-15 09:30:00,0.6,storage,0.6059045136314202,86.01969710378255,3.167693112542972,2.972186094108711,0.19550701843426127,0.4614200156560151,0.03963795019957826,0.5010579658555934
2026-03-15 10:00:00,0.6,storage,0.6055485314348691,85.96915723052565,3.1661838833741935,2.970676864939932,0.19550701843426127,0.461150060173921,0.03961812854690182,0.5007681887208228
2026-03-15 10:30:00,0.6,storage,0.6051926557394353,85.91863247755512,3.1646753684924542,2.9691683500581934,0.19550701843426127,0.46088025865390236,0.039598317698796924,0.5004785763526993
2026-03-15 11:00:00,0.6,storage,0.6048368865132479,85.86812284034622,3.1631675675925686,2.9676605491583072,0.19550701843426127,0.46061061101095846,0.03957851764894733,0.5001891286599058
2026-03-15 11:30:00,0.6,storage,0.604481223724446,85.81762831437551,3.161660480369454,2.9661534619351926,0.19550701843426127,0.4603411171601334,0.03955872839104081,0.49989984555117417
2026-03-15 12:00:00,0.6,storage,0.6041256673411779,85.76714889512103,3.160154106518146,2.964647088083885,0.19550701843426127,0.4600717770165169,0.03953894991876891,0.49961072693528585
2026-03-15 12:30:00,0.6,storage,0.6037702173316022,85.71668457806204,3.158648445733791,2.96314142729953,0.19550701843426127,0.45980259049524297,0.03951918222582726,0.4993217727210702
2026-03-15 13:00:00,0.6,storage,0.6034148736638869,85.66623535867927,3.1571434977116475,2.961636479277386,0.19550701843426127,0.45953355751148905,0.039499425305915076,0.4990329828174041
2026-03-15 13:30:00,0.6,storage,0.6030596363062088,85.61580123245471,3.1556392621470826,2.9601322437128217,0.19550701843426127,0.45926467798047915,0.039479679152735765,0.4987443571332149
2026-03-15 14:00:00,0.6,storage,0.6027045052267546,85.56538219487177,3.154135738735579,2.9586287203013177,0.19550701843426127,0.4589959518174806,0.03945994375999644,0.498455895577477
2026-03-15 14:30:00,0.6,storage,0.6023494803937212,85.51497824141516,3.152632927172726,2.957125908738465,0.19550701843426127,0.45872737893780624,0.039440219121408125,0.49816759805921434
2026-03-15 15:00:00,0.6,storage,0.6019945617753139,85.464589367571,3.1511308271542307,2.9556238087199693,0.19550701843426127,0.45845895925681257,0.03942050523068572,0.4978794644874983
2026-03-15 15:30:00,0.6,storage,0.6016397493397481,85.41421556882666,3.149629438375906,2.9541224199416445,0.19550701843426127,0.4581906926899011,0.03940080208154804,0.4975914947714491
2026-03-15 16:00:00,0.6,storage,0.6012850430552485,85.36385684067102,3.1481287605336803,2.952621742099419,0.19550701843426127,0.45792257915251855,0.03938110966771776,0.4973036888202363
2026-03-15 16:30:00,0.6,storage,0.60093044289005,85.3135131785941,3.1466287933235906,2.9511217748893293,0.19550701843426127,0.45765461856015477,0.039361427982921346,0.4970160465430761
2026-03-15 17:00:00,0.6,storage,0.6005759488123965,85.26318457808753,3.145129536441788,2.949622518007527,0.19550701843426127,0.4573868108283453,0.03934175702088925,0.4967285678492345
2026-03-15 17:30:00,0.6,storage,0.6002215607905407,85.21287103464407,3.1436309895845325,2.948123971150271,0.19550701843426127,0.4571191558726696,0.0393220967753557,0.4964412526480253
2026-03-15 18:00:00,0.6,storage,0.5998672787927463,85.16257254375789,3.1421331524481966,2.9466261340139352,0.19550701843426127,0.4568516536087521,0.03930244724005883,0.4961541008488109
2026-03-15 18:30:00,0.6,storage,0.5995131027872852,85.11228910092457,3.1406360247292637,2.9451290062950024,0.19550701843426127,0.4565843039522609,0.039282808408740634,0.49586711236100156
2026-03-15 19:00:00,0.6,storage,0.5991590327424395,85.06202070164098,3.1391396061243295,2.943632587690068,0.19550701843426127,0.4563171068189089,0.039263180275146935,0.4955802870940558
2026-03-15 19:30:00,0.6,storage,0.598805068626501,85.01176734140539,3.1376438963300997,2.9421368778958383,0.19550701843426127,0.4560500621244536,0.039243562833027386,0.49529362495748097
2026-03-15 20:00:00,0.6,storage,0.5984512104077696,84.96152901571733,3.136148895043393,2.9406418766091322,0.19550701843426127,0.4557831697846966,0.039223956076135595,0.4950071258608322
2026-03-15 20:30:00,0.6,storage,0.5980974580545565,84.91130572007779,3.1346546019611363,2.939147583526875,0.19550701843426127,0.4555164297154843,0.03920435999822891,0.4947207897137132
2026-03-15 21:00:00,0.6,storage,0.5977438115351815,84.86109744998896,3.1331610167803703,2.937653998346109,0.19550701843426127,0.45524984183270656,0.039184774593068655,0.49443461642577524
2026-03-15 21:30:00,0.6,storage,0.5973902708179738,84.8109042009546,3.1316681391982466,2.9361611207639853,0.19550701843426127,0.4549834060522982,0.03916519985441982,0.49414860590671805
2026-03-15 22:00:00,0.6,storage,0.5970368358712725,84.76072596847955,3.1301759689120265,2.934668950477765,0.19550701843426127,0.45471712229023853,0.03914563577605136,0.4938627580662899
2026-03-15 22:30:00,0.6,storage,0.5966835066634256,84.71056274807019,3.128684505619083,2.933177487184822,0.19550701843426127,0.4544509904625503,0.03912608235173605,0.49357707281428637
2026-03-15 23:00:00,0.6,storage,0.596330283162791,84.66041453523418,3.127193749016901,2.9316867305826397,0.19550701843426127,0.45418501048530135,0.03910653957525054,0.4932915500605519
2026-03-15 23:30:00,0.6,storage,0.5959771653377359,84.61028132548051,3.1257036988030746,2.9301966803688133,0.19550701843426127,0.45391918227460337,0.039087007440375174,0.4930061897149785
2026-03-16 00:00:00,0.6,storage,0.5956241531566375,84.56016311431958,3.124214354675312,2.9287073362410507,0.19550701843426127,0.45365350574661184,0.03906748594089428,0.4927209916875061
2026-03-16 00:30:00,0.6,storage,0.5952712465878818,84.51005989726305,3.122725716331428,2.9272186978971666,0.19550701843426127,0.4533879808175276,0.039047975070595986,0.49243595588812367
2026-03-16 01:00:00,0.6,storage,0.5949184455998646,84.45997166982396,3.121237783469352,2.9257307650350906,0.19550701843426127,0.4531226074035943,0.03902847482327216,0.49215108222686643
2026-03-16 01:30:00,0.6,storage,0.5945657501609907,84.40989842751672,3.1197505557871215,2.92424353735286,0.19550701843426127,0.4528573854211005,0.03900898519271861,0.4918663706138191
2026-03-16 02:00:00,0.6,storage,0.5942131602396753,84.35984016585704,3.118264032982887,2.922757014548626,0.19550701843426127,0.4525923147863789,0.03898950617273489,0.4915818209591138
2026-03-16 02:30:00,0.6,storage,0.5938606758043415,84.30979688036196,3.11677821475491,2.9212711963206486,0.19550701843426127,0.45232739541580586,0.038970037757124376,0.49129743317293023
2026-03-16 03:00:00,0.6,storage,0.5935082968234241,84.25976856654995,3.1152931008015594,2.9197860823672985,0.19550701843426127,0.4520626272258021,0.03895057993969427,0.49101320716549635
2026-03-16 03:30:00,0.6,storage,0.5931560232653652,84.20975521994075,3.11380869082132,2.9183016723870585,0.19550701843426127,0.4517980101328324,0.0389311327142557,0.490729142847088
2026-03-16 04:00:00,0.6,storage,0.5928038550986171,84.15975683605546,3.1123249845127816,2.9168179660785203,0.19550701843426127,0.4515335440534055,0.0389116960746234,0.490445240128029
2026-03-16 04:30:00,0.6,storage,0.5924517922916424,84.10977341041648,3.1108419815746515,2.91533496314039,0.19550701843426127,0.451269228904074,0.03889227001461605,0.49016149891869004
2026-03-16 05:00:00,0.6,storage,0.5920998348129124,84.05980493854763,3.1093596817057394,2.913852663271478,0.19550701843426127,0.451005064601435,0.038872854528056146,0.4898779191294912
2026-03-16 05:30:00,0.6,storage,0.591747982630907,84.00985141597405,3.107878084604973,2.912371066170712,0.19550701843426127,0.45074105106212875,0.038853449608769866,0.4895945006708986
2026-03-16 06:00:00,0.6,storage,0.5913962357141175,83.95991283822215,3.106397189971388,2.9108901715371265,0.19550701843426127,0.4504771882028404,0.03883405525058736,0.4893112434534278
2026-03-16 06:30:00,0.6,storage,0.591044594031043,83.90998920081971,3.104916997504127,2.909409979069866,0.19550701843426127,0.4502134759402981,0.03881467144734242,0.4890281473876405
2026-03-16 07:00:00,0.6,storage,0.5906930575501923,83.86008049929596,3.103437506902449,2.9079304884681876,0.19550701843426127,0.4499499141912747,0.03879529819287282,0.48874521238414753
2026-03-16 07:30:00,0.6,storage,0.5903416262400845,83.81018672918131,3.1019587178657204,2.906451699431459,0.19550701843426127,0.4496865028725863,0.0387759354810199,0.4884624383536062
2026-03-14 00:00:00,0.8,storage,0.0,-0.024806249118048258,0.8839415284067319,0.8471518759220116,0.036789652484720464,0.11184577166285824,0.012811807978279815,0.12465757964113805
2026-03-14 00:30:00,0.8,storage,0.0,-0.04960507745168485,0.8834803367591911,0.8466906842744707,0.036789652484720464,0.11177818389175644,0.01280604724966504,0.12458423114142149
2026-03-14 01:00:00,0.8,storage,0.0,-0.07439648722075903,0.883019385225166,0.8462297327404456,0.036789652484720464,0.11171063606672713,0.012800289352783592,0.12451092541951071
2026-03-14 01:30:00,0.8,storage,0.0,-0.09918048064451485,0.8825586736876401,0.8457690212029196,0.036789652484720464,0.1116431281646692,0.012794534286110147,0.12443766245077936
2026-03-14 02:00:00,0.8,storage,0.0,-0.12395705994156836,0.8820982020296504,0.84530854954493,0.036789652484720464,0.11157566016249515,0.012788782048120272,0.12436444221061542
2026-03-14 02:30:00,0.8,storage,0.0,-0.14872622732981863,0.8816379701342903,0.8448483176495699,0.036789652484720464,0.11150823203713019,0.012783032637290439,0.12429126467442063
2026-03-14 03:00:00,0.8,storage,0.0,-0.17348798502651444,0.8811779778846964,0.844388325399976,0.036789652484720464,0.11144084376551294,0.012777286052098082,0.12421812981761102
2026-03-14 03:30:00,0.8,storage,0.0,-0.19824233524820944,0.8807182251640655,0.8439285726793451,0.036789652484720464,0.11137349532459398,0.012771542291021228,0.12414503761561521
2026-03-14 04:00:00,0.8,storage,0.0,-0.22298928021087472,0.8802587118556382,0.8434690593709178,0.036789652484720464,0.11130618669133757,0.012765801352539042,0.12407198804387662
2026-03-14 04:30:00,0.8,storage,0.0,-0.24772882212974132,0.8797994378427128,0.8430097853579924,0.036789652484720464,0.11123891784272175,0.012760063235131548,0.1239989810778533
2026-03-14 05:00:00,0.8,storage,0.0,-0.27246096321939034,0.8793404030086369,0.8425507505239165,0.036789652484720464,0.11117168875573608,0.012754327937279535,0.12392601669301562
2026-03-14 05:30:00,0.8,storage,0.0,-0.2971857056937527,0.8788816072368059,0.8420919547520854,0.036789652484720464,0.11110449940738365,0.012748595457464656,0.12385309486484831
2026-03-14 06:00:00,0.8,storage,0.0,-0.321903051766109,0.8784230504106708,0.8416333979259504,0.036789652484720464,0.11103734977468119,0.01274286579416965,0.12378021556885084
2026-03-14 06:30:00,0.8,storage,0.0,-0.3466130036490679,0.8779647324137302,0.8411750799290099,0.036789652484720464,0.1109702398346578,0.012737138945877975,0.12370737878053578
2026-03-14 07:00:00,0.8,storage,0.0,-0.3713155635545647,0.8775066531295396,0.8407170006448192,0.036789652484720464,0.11090316956435499,0.01273141491107383,0.12363458447542881
2026-03-14 07:30:00,0.8,storage,0.0,-0.39601073369390755,0.8770488124416987,0.8402591599569783,0.036789652484720464,0.1108361389408277,0.012725693688242473,0.12356183262907017
2026-03-14 08:00:00,0.8,charging,0.09651604452251725,13.683502703208507,1.274260393734424,1.1179792900172734,0.15628110371715043,0.1524224832088532,0.016180155413844904,0.16860263862269811
2026-03-14 08:30:00,0.8,charging,0.19049351370750145,27.019895651534295,1.5725319834210416,1.409298325644929,0.16323365777611293,0.197631832302433,0.0197873923963729,0.2174192246988059
2026-03-14 09:00:00,0.8,charging,0.2727856609258724,38.70153677401045,1.8544819989735377,1.685107718875499,0.1693742800980388,0.2417545609802565,0.023214879571953714,0.26496944055221017
2026-03-14 09:30:00,0.8,charging,0.3447869573408034,48.924941940848576,2.11590264173663,1.94112633178392,0.17477630995270982,0.28374066002356013,0.026418807565852517,0.31015946758941265
2026-03-14 10:00:00,0.8,charging,0.4077354614077829,57.86481452158569,2.3550251546653547,2.1755124677464988,0.1795126869188561,0.3229772979609292,0.02937638165205774,0.3523536796129869
2026-03-14 10:30:00,0.8,charging,0.4627285935183974,65.67619155932083,2.5715834740518,2.387929864881569,0.18365360917023052,0.3591529883356743,0.032079601028989886,0.39123258936466415
2026-03-14 11:00:00,0.8,charging,0.5107376512208376,72.49643158000687,2.7662241718688296,2.57895907004437,0.18726510182445927,0.3921614261497109,0.034530651535695636,0.42669207768540657
2026-03-14 11:30:00,0.8,charging,0.5526210968107859,78.44704431928382,2.940127823972375,2.7497195792589024,0.19040824471347295,0.422033258667671,0.03673851024501957,0.4587717689126906
2026-03-14 12:00:00,0.8,charging,0.5891366662440889,83.63536592615364,3.0947635293547506,2.9016247959502417,0.19313873340450943,0.4488876960243368,0.03871646188318924,0.4876041579075261
2026-03-14 12:30:00,0.8,charging,0.6209523599129423,88.15608552726854,3.2317297974551193,3.0362227790208585,0.19550701843426127,0.47289830609921124,0.04048030037521959,0.5133786064744309
2026-03-14 13:00:00,0.8,charging,0.6486563830814955,92.09263061295225,3.3526517081648755,3.155093435624143,0.19755827254073247,0.4942689978921631,0.042047043700851446,0.5363160415930146
2026-03-14 13:30:00,0.8,charging,0.6727661076919874,95.51841970267469,3.4591160936628467,3.259783334955009,0.1993327587078374,0.5132173434917696,0.04343403179624468,0.5566513752880142
2026-03-14 14:00:00,0.8,charging,0.6937361286319734,98.49799129782063,3.5526319530123134,3.3517657944838724,0.20086615852844086,0.5299631901159255,0.044658308817226176,0.5746214989331516
2026-03-14 14:30:00,0.8,charging,0.7119654870404174,101.08801834107618,3.6346079385268966,3.4324179910923025,0.20218994743459404,0.5447210806414338,0.04573621511372864,0.5904572957551625
2026-03-14 15:00:00,0.8,charging,0.727804131338071,103.33821736079132,3.7063413284241378,3.5030095111848807,0.20333181723925736,0.55769540613767,0.046683132560868965,0.6043785386985391
2026-03-14 15:30:00,0.8,charging,0.7415586838011621,105.29216125375153,3.7690145149484553,3.5646985173015975,0.20431599764685776,0.5690775058562138,0.04751334081768142,0.6165908466738952
2026-03-14 16:00:00,0.8,charging,0.7534975769754482,106.9880043049621,3.8236965831807157,3.618532897487774,0.2051636856929418,0.5790441420185911,0.04823995267887306,0.627284094697464
2026-03-14 16:30:00,0.8,charging,0.763855620297788,108.45912760067228,3.8713479502458763,3.665454576485246,0.20589337376063055,0.5877569314268625,0.04887490473874845,0.6366318361656109
2026-03-14 17:00:00,0.8,charging,0.7728380531450559,109.73471249379838,3.9128268237975825,3.706305729968625,0.20652109382895728,0.5953624293485937,0.04942898570177735,0.6447914150503712
2026-03-14 17:30:00,0.8,charging,0.7806241363099784,110.84024925438183,3.9488968899453454,3.7418360353057505,0.20706085463959506,0.6019926445702121,0.0499118893100968,0.6519045338803089
2026-03-14 18:00:00,0.8,storage,0.7802158813989589,110.78228355394596,3.947027126569317,3.739966271929722,0.20706085463959506,0.6016428480887266,0.04988641887634974,0.6515292669650763
2026-03-14 18:30:00,0.8,storage,0.779807748632333,110.72433519607036,3.9451582294559993,3.7380973748164044,0.20706085463959506,0.6012932493907681,0.04986096257277782,0.6511542119635458
2026-03-14 19:00:00,0.8,storage,0.7793997379735464,110.66640417556492,3.9432901982454984,3.7362293436059035,0.20706085463959506,0.6009438483684776,0.049835520391000664,0.6507793687594782
2026-03-14 19:30:00,0.8,storage,0.7789918493860546,110.60849048724084,3.9414230325780433,3.7343621779384484,0.20706085463959506,0.6005946449140528,0.049810092322643176,0.6504047372366959
2026-03-14 20:00:00,0.8,storage,0.7785840828333244,110.55059412591105,3.939556732093994,3.732495877454399,0.20706085463959506,0.6002456389197458,0.04978467835933535,0.6500303172790811
2026-03-14 20:30:00,0.8,storage,0.7781764382788332,110.49271508638999,3.9376912964338358,3.730630441794241,0.20706085463959506,0.5998968302778654,0.04975927849271258,0.649656108770578
2026-03-14 21:00:00,0.8,storage,0.7777689156860703,110.43485336349353,3.935826725238179,3.7287658705985844,0.20706085463959506,0.5995482188807749,0.04973389271441534,0.6492821115951902
2026-03-14 21:30:00,0.8,storage,0.777361515018535,110.3770089520393,3.9339630181477663,3.7269021635081714,0.20706085463959506,0.5991998046208946,0.04970852101608947,0.6489083256369841
2026-03-14 22:00:00,0.8,storage,0.776954236239738,110.3191818468464,3.9321001748034616,3.7250393201638667,0.20706085463959506,0.5988515873906989,0.04968316338938593,0.6485347507800849
2026-03-14 22:30:00,0.8,storage,0.7765470793132001,110.26137204273533,3.930238194846261,3.723177340206666,0.20706085463959506,0.5985035670827191,0.04965781982596093,0.64816138690868
2026-03-14 23:00:00,0.8,storage,0.7761400442024552,110.20357953452843,3.9283770779172813,3.7213162232776864,0.20706085463959506,0.5981557435895409,0.049632490317475894,0.6477882339070169
2026-03-14 23:30:00,0.8,storage,0.775733130871045,110.14580431704928,3.926516823657772,3.7194559690181777,0.20706085463959506,0.5978081168038056,0.04960717485559744,0.6474152916594031
2026-03-15 00:00:00,0.8,storage,0.7753263392825245,110.08804638512328,3.9246574317091087,3.717596577069514,0.20706085463959506,0.597460686618211,0.049581873431997436,0.6470425600502084
2026-03-15 00:30:00,0.8,storage,0.7749196694004591,110.03030573357718,3.9227989017127887,3.7157380470731938,0.20706085463959506,0.5971134529255092,0.049556586038352946,0.6466700389638622
2026-03-15 01:00:00,0.8,storage,0.7745131211884247,109.97258235723943,3.920941233310443,3.713880378670848,0.20706085463959506,0.5967664156185085,0.04953131266634614,0.6462977282848547
2026-03-15 01:30:00,0.8,storage,0.7741066946100081,109.91487625093993,3.919084426143823,3.7120235715042282,0.20706085463959506,0.5964195745900719,0.04950605330766455,0.6459256278977363
2026-03-15 02:00:00,0.8,storage,0.7737003896288072,109.85718740951015,3.9172284798548156,3.710167625215221,0.20706085463959506,0.5960729297331181,0.04948080795400073,0.6455537376871189
2026-03-15 02:30:00,0.8,storage,0.7732942062084308,109.79951582778314,3.9153733940854227,3.708312539445828,0.20706085463959506,0.5957264809406211,0.049455576597052506,0.6451820575376735
2026-03-15 03:00:00,0.8,storage,0.7728881443124985,109.74186150059346,3.913519168477783,3.706458313838188,0.20706085463959506,0.5953802281056103,0.049430359228523034,0.6448105873341333
2026-03-15 03:30:00,0.8,storage,0.7724822039046413,109.68422442277722,3.911665802674156,3.7046049480345613,0.20706085463959506,0.5950341711211701,0.049405155840120334,0.6444393269612904
2026-03-15 04:00:00,0.8,storage,0.7720763849485002,109.62660458917215,3.9098132963169316,3.7027524416773367,0.20706085463959506,0.5946883098804407,0.049379966423557846,0.6440682763039985
2026-03-15 04:30:00,0.8,storage,0.7716706874077276,109.56900199461741,3.9079616490486204,3.7009007944090255,0.20706085463959506,0.5943426442766171,0.049354790970554195,0.6436974352471713
2026-03-15 05:00:00,0.8,storage,0.7712651112459873,109.51141663395376,3.906110860511868,3.699050005872273,0.20706085463959506,0.5939971742029488,0.04932962947283297,0.6433268036757818
2026-03-15 05:30:00,0.8,storage,0.7708596564269533,109.45384850202346,3.904260930349437,3.697200075709842,0.20706085463959506,0.5936518995527423,0.04930448192212319,0.6429563814748654
2026-03-15 06:00:00,0.8,storage,0.7704543229143098,109.39629759367045,3.902411858204227,3.695351003564632,0.20706085463959506,0.5933068202193573,0.04927934831015885,0.6425861685295161
2026-03-15 06:30:00,0.8,storage,0.7700491106717541,109.3387639037401,3.9005636437192535,3.6935027890796586,0.20706085463959506,0.5929619360962103,0.04925422862867923,0.6422161647248895
2026-03-15 07:00:00,0.8,storage,0.7696440196629918,109.28124742707932,3.8987162865376654,3.6916554318980705,0.20706085463959506,0.5926172470767718,0.04922912286942867,0.6418463699462004
2026-03-15 07:30:00,0.8,storage,0.7692390498517404,109.22374815853665,3.896869786302736,3.689808931663141,0.20706085463959506,0.5922727530545673,0.04920403102415669,0.641476784078724
2026-03-15 08:00:00,0.8,charging,0.7774575614311772,110.39028997810209,3.934001412485818,3.7272739458295217,0.2067274666562958,0.5992638264906434,0.04971323754932829,0.6489770640399717
2026-03-15 08:30:00,0.8,charging,0.7845657539447652,111.39919777193937,3.9670141646259087,3.7597782348547812,0.2072359297711272,0.6053412202034617,0.050155797603803655,0.6554970178072653
2026-03-15 09:00:00,0.8,charging,0.7907328217206074,112.27445421464284,3.995726244696836,3.788052979753847,0.20767326494298877,0.6106371404855021,0.05054138092632294,0.6611785214118251
2026-03-15 09:30:00,0.8,charging,0.796080958906533,113.0334109428815,4.020677486696479,3.8126282986412106,0.20804918805526823,0.6152473545666721,0.05087698961820224,0.6661243441848744
2026-03-15 10:00:00,0.8,charging,0.8007168872639798,113.69122498875288,4.042344141592029,3.833972003525949,0.20837213806607952,0.6192569046472819,0.05116883570941239,0.6704257403566943
2026-03-15 10:30:00,0.8,storage,0.8003026208655749,113.6324063137166,4.04043171489388,3.8320595768278007,0.20837213806607952,0.6188973485778961,0.051142667681500144,0.6700400162593962
2026-03-15 11:00:00,0.8,storage,0.799888478410672,113.57360523651755,4.038520172170666,3.830148034104587,0.20837213806607952,0.6185379956126922,0.05111651419763384,0.6696545098103259
2026-03-15 11:30:00,0.8,charging,0.804012568140277,114.15871414883647,4.057752942422998,3.8491614252638247,0.20859151715917382,0.622113686424019,0.05137675741578582,0.6734904438398048
2026-03-15 12:00:00,0.8,storage,0.803597315714408,114.0997556067447,4.055833493333559,3.8472419761743852,0.20859151715917382,0.6217525164720049,0.05135047384743629,0.6731029903194412
2026-03-15 12:30:00,0.8,storage,0.80318218752714,114.04081470434959,4.053914931128556,3.845323413969383,0.20859151715917382,0.6213915505031726,0.05132420489175303,0.6727157553949258
2026-03-15 13:00:00,0.8,storage,0.8027671835412902,113.98189143637198,4.051997255440817,3.843405738281643,0.20859151715917382,0.621030788406464,0.0512979505400539,0.6723287389465179
2026-03-15 13:30:00,0.8,storage,0.8023523037196877,113.92298579753427,4.050080465903296,3.8414889487441224,0.20859151715917382,0.6206702300708782,0.05127171078366223,0.6719419408545405
2026-03-15 14:00:00,0.8,storage,0.8019375480251726,113.86409778256017,4.048164562149073,3.8395730449898995,0.20859151715917382,0.6203098753854723,0.05124548561390682,0.6715553609993791
2026-03-15 14:30:00,0.8,storage,0.8015229164205958,113.80522738617543,4.046249543811366,3.8376580266521927,0.20859151715917382,0.6199497242393593,0.05121927502212183,0.6711689992614812
2026-03-15 15:00:00,0.8,storage,0.80110840886882,113.74637460310697,4.044335410523511,3.835743893364337,0.20859151715917382,0.6195897765217102,0.05119307899964681,0.670782855521357
2026-03-15 15:30:00,0.8,storage,0.8006940253327176,113.68753942808353,4.042422161918983,3.8338306447598094,0.20859151715917382,0.6192300321217531,0.051166897537826946,0.67039692965958
2026-03-15 16:00:00,0.8,storage,0.8002797657751735,113.62872185583538,4.040509797631381,3.831918280472207,0.20859151715917382,0.6188704909287724,0.05114073062801251,0.670011221556785
2026-03-15 16:30:00,0.8,storage,0.7998656301590835,113.56992188109429,4.038598317294429,3.8300068001352554,0.20859151715917382,0.6185111528321109,0.05111457826155953,0.6696257310936703
2026-03-15 17:00:00,0.8,charging,0.803973656700256,114.15266444113958,4.057495288277293,3.8489481992997763,0.20854708897751728,0.622074520631816,0.051373920120556804,0.6734484407523728
2026-03-15 17:30:00,0.8,storage,0.8035584159168709,114.0937077091342,4.055575935492136,3.847028846514619,0.20854708897751728,0.6217133725700337,0.05134763816058311,0.6730610107306167
2026-03-15 18:00:00,0.8,storage,0.8031432993686022,114.03476861628374,4.053657469552733,3.8451103805752154,0.20854708897751728,0.621352428479696,0.05132137081230466,0.6726737992920006
2026-03-15 18:30:00,0.8,storage,0.8027283070182676,113.97584715730913,4.051739890091922,3.8431928011144056,0.20854708897751728,0.6209916882497505,0.05129511806703996,0.6722868063167905
2026-03-15 19:00:00,0.8,storage,0.8023134388286978,113.91694332693282,4.049823196742673,3.841276107765155,0.20854708897751728,0.620631151769203,0.05126887991611296,0.671900031685316
2026-03-15 19:30:00,0.8,storage,0.8018986947627336,113.85805711987905,4.047907389138079,3.839360300160561,0.20854708897751728,0.6202708189271151,0.05124265635085301,0.6715134752779681
2026-03-15 20:00:00,0.8,storage,0.8014840747832267,113.79918853087332,4.0459924669113665,3.8374453779338498,0.20854708897751728,0.6199106896126072,0.05121644736259493,0.6711271369752022
2026-03-15 20:30:00,0.8,storage,0.8010695788530414,113.74033755464296,4.044078429695891,3.8355313407183744,0.20854708897751728,0.6195507637148557,0.05119025294267897,0.6707410166575347
2026-03-15 21:00:00,0.8,storage,0.8006552069350511,113.68150418591685,4.042165277125136,3.8336181881476192,0.20854708897751728,0.6191910411230942,0.051164073082450696,0.6703551142055449
2026-03-15 21:30:00,0.8,storage,0.8002409589921414,113.62268841942533,4.040253008832716,3.831705919855198,0.20854708897751728,0.6188315217266139,0.051137907773261326,0.6699694294998753
2026-03-15 22:00:00,0.8,storage,0.7998268349872095,113.56389024990041,4.038341624452368,3.829794535474851,0.20854708897751728,0.618472205414762,0.05111175700646721,0.6695839624212292
2026-03-15 22:30:00,0.8,storage,0.7994128348831626,113.50510967207559,4.036431123617968,3.8278840346404506,0.20854708897751728,0.6181130920769438,0.0510856207734303,0.669198712850374
2026-03-15 23:00:00,0.8,storage,0.7989989586429197,113.44634668068613,4.034521505963512,3.8259744169859946,0.20854708897751728,0.6177541816026214,0.05105949906551794,0.6688136806681393
2026-03-15 23:30:00,0.8,storage,0.7985852062294115,113.38760127046868,4.032612771123129,3.8240656821456125,0.20854708897751728,0.6173954738813129,0.05103339187410272,0.6684288657554156
2026-03-16 00:00:00,0.8,storage,0.7981715776055779,113.32887343616157,4.03070491873108,3.822157829753563,0.20854708897751728,0.6170369688025945,0.05100729919056288,0.6680442679931574
2026-03-16 00:30:00,0.8,storage,0.7977580727343713,113.27016317250461,4.028797948421746,3.8202508594442293,0.20854708897751728,0.6166786662560989,0.050981221006281816,0.6676598872623807
2026-03-16 01:00:00,0.8,storage,0.7973446915787554,113.21147047423929,4.026891859829645,3.8183447708521276,0.20854708897751728,0.6163205661315155,0.050955157312648526,0.6672757234441641
2026-03-16 01:30:00,0.8,storage,0.7969314341017044,113.15279533610862,4.02498665258942,3.816439563611903,0.20854708897751728,0.6159626683185909,0.050929108101057205,0.666891776419648
2026-03-16 02:00:00,0.8,storage,0.796518300266204,113.09413775285726,4.023082326335843,3.8145352373583257,0.20854708897751728,0.6156049727071278,0.05090307336290753,0.6665080460700353
2026-03-16 02:30:00,0.8,storage,0.79610529003525,113.03549771923126,4.021178880703814,3.8126317917262966,0.20854708897751728,0.6152474791869864,0.05087705308960463,0.6661245322765911
2026-03-16 03:00:00,0.8,storage,0.7956924033718504,112.97687522997843,4.019276315328365,3.810729226350848,0.20854708897751728,0.6148901876480833,0.050851047272558826,0.6657412349206422
2026-03-16 03:30:00,0.8,storage,0.7952796402390239,112.9182702798481,4.017374629844654,3.808827540867137,0.20854708897751728,0.6145330979803926,0.05082505590318604,0.6653581538835786
2026-03-16 04:00:00,0.8,storage,0.7948670005998,112.85968286359116,4.015473823887965,3.8069267349104474,0.20854708897751728,0.6141762100739439,0.05079907897290739,0.6649752890468512
2026-03-16 04:30:00,0.8,storage,0.7944544844172201,112.80111297596007,4.013573897093717,3.805026808116199,0.20854708897751728,0.613819523818825,0.05077311647314948,0.6645926402919745
2026-03-16 05:00:00,0.8,storage,0.7940420916543354,112.7425606117088,4.011674849097451,3.8031277601199336,0.20854708897751728,0.6134630391051781,0.05074716839534412,0.6642102075005222
2026-03-16 05:30:00,0.8,storage,0.7936298222742095,112.68402576559302,4.009776679534839,3.801229590557322,0.20854708897751728,0.6131067558232044,0.050721234730928634,0.663827990554133
2026-03-16 06:00:00,0.8,storage,0.7932176762399163,112.6255084323699,4.007879388041685,3.799332299064168,0.20854708897751728,0.6127506738631602,0.050695315471345696,0.6634459893345058
2026-03-16 06:30:00,0.8,storage,0.7928056535145401,112.56700860679814,4.005982974253915,3.7974358852763976,0.20854708897751728,0.6123947931153596,0.050669410608043274,0.6630642037234028
2026-03-16 07:00:00,0.8,storage,0.7923937540611781,112.5085262836381,4.004087437807587,3.7955403488300696,0.20854708897751728,0.6120391134701717,0.05064352013247466,0.6626826336026465
2026-03-16 07:30:00,0.8,storage,0.7919819778429374,112.45006145765166,4.0021927783388875,3.793645689361371,0.20854708897751728,0.6116836348180236,0.05061764403609857,0.6623012788541222
2026-03-14 00:00:00,0.95,storage,0.0,-0.024806249118048258,0.8839415284067319,0.8471518759220116,0.036789652484720464,0.11184577166285824,0.012811807978279815,0.12465757964113805
2026-03-14 00:30:00,0.95,storage,0.0,-0.04960507745168485,0.8834803367591911,0.8466906842744707,0.036789652484720464,0.11177818389175644,0.01280604724966504,0.12458423114142149
2026-03-14 01:00:00,0.95,storage,0.0,-0.07439648722075903,0.883019385225166,0.8462297327404456,0.036789652484720464,0.11171063606672713,0.012800289352783592,0.12451092541951071
2026-03-14 01:30:00,0.95,storage,0.0,-0.09918048064451485,0.8825586736876401,0.8457690212029196,0.036789652484720464,0.1116431281646692,0.012794534286110147,0.12443766245077936
2026-03-14 02:00:00,0.95,storage,0.0,-0.12395705994156836,0.8820982020296504,0.84530854954493,0.036789652484720464,0.11157566016249515,0.012788782048120272,0.12436444221061542
2026-03-14 02:30:00,0.95,storage,0.0,-0.14872622732981863,0.8816379701342903,0.8448483176495699,0.036789652484720464,0.11150823203713019,0.012783032637290439,0.12429126467442063
2026-03-14 03:00:00,0.95,storage,0.0,-0.17348798502651444,0.8811779778846964,0.844388325399976,0.036789652484720464,0.11144084376551294,0.012777286052098082,0.12421812981761102
2026-03-14 03:30:00,0.95,storage,0.0,-0.19824233524820944,0.8807182251640655,0.8439285726793451,0.036789652484720464,0.11137349532459398,0.012771542291021228,0.12414503761561521
2026-03-14 04:00:00,0.95,storage,0.0,-0.22298928021087472,0.8802587118556382,0.8434690593709178,0.036789652484720464,0.11130618669133757,0.012765801352539042,0.12407198804387662
2026-03-14 04:30:00,0.95,storage,0.0,-0.24772882212974132,0.8797994378427128,0.8430097853579924,0.036789652484720464,0.11123891784272175,0.012760063235131548,0.1239989810778533
2026-03-14 05:00:00,0.95,storage,0.0,-0.27246096321939034,0.8793404030086369,0.8425507505239165,0.036789652484720464,0.11117168875573608,0.012754327937279535,0.12392601669301562
2026-03-14 05:30:00,0.95,storage,0.0,-0.2971857056937527,0.8788816072368059,0.8420919547520854,0.036789652484720464,0.11110449940738365,0.012748595457464656,0.12385309486484831
2026-03-14 06:00:00,0.95,storage,0.0,-0.321903051766109,0.8784230504106708,0.8416333979259504,0.036789652484720464,0.11103734977468119,0.01274286579416965,0.12378021556885084
2026-03-14 06:30:00,0.95,storage,0.0,-0.3466130036490679,0.8779647324137302,0.8411750799290099,0.036789652484720464,0.1109702398346578,0.012737138945877975,0.12370737878053578
2026-03-14 07:00:00,0.95,storage,0.0,-0.3713155635545647,0.8775066531295396,0.8407170006448192,0.036789652484720464,0.11090316956435499,0.01273141491107383,0.12363458447542881
2026-03-14 07:30:00,0.95,storage,0.0,-0.39601073369390755,0.8770488124416987,0.8402591599569783,0.036789652484720464,0.1108361389408277,0.012725693688242473,0.12356183262907017
2026-03-14 08:00:00,0.95,charging,0.09651604452251725,13.683502703208507,1.274260393734424,1.1179792900172734,0.15628110371715043,0.1524224832088532,0.016180155413844904,0.16860263862269811
2026-03-14 08:30:00,0.95,charging,0.19049351370750145,27.019895651534295,1.5725319834210416,1.409298325644929,0.16323365777611293,0.197631832302433,0.0197873923963729,0.2174192246988059
2026-03-14 09:00:00,0.95,charging,0.2727856609258724,38.70153677401045,1.8544819989735377,1.685107718875499,0.1693742800980388,0.2417545609802565,0.023214879571953714,0.26496944055221017
2026-03-14 09:30:00,0.95,charging,0.3447869573408034,48.924941940848576,2.11590264173663,1.94112633178392,0.17477630995270982,0.28374066002356013,0.026418807565852517,0.31015946758941265
2026-03-14 10:00:00,0.95,charging,0.4077354614077829,57.86481452158569,2.3550251546653547,2.1755124677464988,0.1795126869188561,0.3229772979609292,0.02937638165205774,0.3523536796129869
2026-03-14 10:30:00,0.95,charging,0.4627285935183974,65.67619155932083,2.5715834740518,2.387929864881569,0.18365360917023052,0.3591529883356743,0.032079601028989886,0.39123258936466415
2026-03-14 11:00:00,0.95,charging,0.5107376512208376,72.49643158000687,2.7662241718688296,2.57895907004437,0.18726510182445927,0.3921614261497109,0.034530651535695636,0.42669207768540657
2026-03-14 11:30:00,0.95,charging,0.5526210968107859,78.44704431928382,2.940127823972375,2.7497195792589024,0.19040824471347295,0.422033258667671,0.03673851024501957,0.4587717689126906
2026-03-14 12:00:00,0.95,charging,0.5891366662440889,83.63536592615364,3.0947635293547506,2.9016247959502417,0.19313873340450943,0.4488876960243368,0.03871646188318924,0.4876041579075261
2026-03-14 12:30:00,0.95,charging,0.6209523599129423,88.15608552726854,3.2317297974551193,3.0362227790208585,0.19550701843426127,0.47289830609921124,0.04048030037521959,0.5133786064744309
2026-03-14 13:00:00,0.95,charging,0.6486563830814955,92.09263061295225,3.3526517081648755,3.155093435624143,0.19755827254073247,0.4942689978921631,0.042047043700851446,0.5363160415930146
2026-03-14 13:30:00,0.95,charging,0.6727661076919874,95.51841970267469,3.4591160936628467,3.259783334955009,0.1993327587078374,0.5132173434917696,0.04343403179624468,0.5566513752880142
2026-03-14 14:00:00,0.95,charging,0.6937361286319734,98.49799129782063,3.5526319530123134,3.3517657944838724,0.20086615852844086,0.5299631901159255,0.044658308817226176,0.5746214989331516
2026-03-14 14:30:00,0.95,charging,0.7119654870404174,101.08801834107618,3.6346079385268966,3.4324179910923025,0.20218994743459404,0.5447210806414338,0.04573621511372864,0.5904572957551625
2026-03-14 15:00:00,0.95,charging,0.727804131338071,103.33821736079132,3.7063413284241378,3.5030095111848807,0.20333181723925736,0.55769540613767,0.046683132560868965,0.6043785386985391
2026-03-14 15:30:00,0.95,charging,0.7415586838011621,105.29216125375153,3.7690145149484553,3.5646985173015975,0.20431599764685776,0.5690775058562138,0.04751334081768142,0.6165908466738952
2026-03-14 16:00:00,0.95,charging,0.7534975769754482,106.9880043049621,3.8236965831807157,3.618532897487774,0.2051636856929418,0.5790441420185911,0.04823995267887306,0.627284094697464
2026-03-14 16:30:00,0.95,charging,0.763855620297788,108.45912760067228,3.8713479502458763,3.665454576485246,0.20589337376063055,0.5877569314268625,0.04887490473874845,0.6366318361656109
2026-03-14 17:00:00,0.95,charging,0.7728380531450559,109.73471249379838,3.9128268237975825,3.706305729968625,0.20652109382895728,0.5953624293485937,0.04942898570177735,0.6447914150503712
2026-03-14 17:30:00,0.95,charging,0.7806241363099784,110.84024925438183,3.9488968899453454,3.7418360353057505,0.20706085463959506,0.6019926445702121,0.0499118893100968,0.6519045338803089
2026-03-14 18:00:00,0.95,storage,0.7802158813989589,110.78228355394596,3.947027126569317,3.739966271929722,0.20706085463959506,0.6016428480887266,0.04988641887634974,0.6515292669650763
2026-03-14 18:30:00,0.95,storage,0.779807748632333,110.72433519607036,3.9451582294559993,3.7380973748164044,0.20706085463959506,0.6012932493907681,0.04986096257277782,0.6511542119635458
2026-03-14 19:00:00,0.95,storage,0.7793997379735464,110.66640417556492,3.9432901982454984,3.7362293436059035,0.20706085463959506,0.6009438483684776,0.049835520391000664,0.6507793687594782
2026-03-14 19:30:00,0.95,storage,0.7789918493860546,110.60849048724084,3.9414230325780433,3.7343621779384484,0.20706085463959506,0.6005946449140528,0.049810092322643176,0.6504047372366959
2026-03-14 20:00:00,0.95,storage,0.7785840828333244,110.55059412591105,3.939556732093994,3.732495877454399,0.20706085463959506,0.6002456389197458,0.04978467835933535,0.6500303172790811
2026-03-14 20:30:00,0.95,storage,0.7781764382788332,110.49271508638999,3.9376912964338358,3.730630441794241,0.20706085463959506,0.5998968302778654,0.04975927849271258,0.649656108770578
2026-03-14 21:00:00,0.95,storage,0.7777689156860703,110.43485336349353,3.935826725238179,3.7287658705985844,0.20706085463959506,0.5995482188807749,0.04973389271441534,0.6492821115951902
2026-03-14 21:30:00,0.95,storage,0.777361515018535,110.3770089520393,3.9339630181477663,3.7269021635081714,0.20706085463959506,0.5991998046208946,0.04970852101608947,0.6489083256369841
2026-03-14 22:00:00,0.95,storage,0.776954236239738,110.3191818468464,3.9321001748034616,3.7250393201638667,0.20706085463959506,0.5988515873906989,0.04968316338938593,0.6485347507800849
2026-03-14 22:30:00,0.95,storage,0.7765470793132001,110.26137204273533,3.930238194846261,3.723177340206666,0.20706085463959506,0.5985035670827191,0.04965781982596093,0.64816138690868
2026-03-14 23:00:00,0.95,storage,0.7761400442024552,110.20357953452843,3.9283770779172813,3.7213162232776864,0.20706085463959506,0.5981557435895409,0.049632490317475894,0.6477882339070169
2026-03-14 23:30:00,0.95,storage,0.775733130871045,110.14580431704928,3.926516823657772,3.7194559690181777,0.20706085463959506,0.5978081168038056,0.04960717485559744,0.6474152916594031
2026-03-15 00:00:00,0.95,storage,0.7753263392825245,110.08804638512328,3.9246574317091087,3.717596577069514,0.20706085463959506,0.597460686618211,0.049581873431997436,0.6470425600502084
2026-03-15 00:30:00,0.95,storage,0.7749196694004591,110.03030573357718,3.9227989017127887,3.7157380470731938,0.20706085463959506,0.5971134529255092,0.049556586038352946,0.6466700389638622
2026-03-15 01:00:00,0.95,storage,0.7745131211884247,109.97258235723943,3.920941233310443,3.713880378670848,0.20706085463959506,0.5967664156185085,0.04953131266634614,0.6462977282848547
2026-03-15 01:30:00,0.95,storage,0.7741066946100081,109.91487625093993,3.919084426143823,3.7120235715042282,0.20706085463959506,0.5964195745900719,0.04950605330766455,0.6459256278977363
2026-03-15 02:00:00,0.95,storage,0.7737003896288072,109.85718740951015,3.9172284798548156,3.710167625215221,0.20706085463959506,0.5960729297331181,0.04948080795400073,0.6455537376871189
2026-03-15 02:30:00,0.95,storage,0.7732942062084308,109.79951582778314,3.9153733940854227,3.708312539445828,0.20706085463959506,0.5957264809406211,0.049455576597052506,0.6451820575376735
2026-03-15 03:00:00,0.95,storage,0.7728881443124985,109.74186150059346,3.913519168477783,3.706458313838188,0.20706085463959506,0.5953802281056103,0.049430359228523034,0.6448105873341333
2026-03-15 03:30:00,0.95,storage,0.7724822039046413,109.68422442277722,3.911665802674156,3.7046049480345613,0.20706085463959506,0.5950341711211701,0.049405155840120334,0.6444393269612904
2026-03-15 04:00:00,0.95,storage,0.7720763849485002,109.62660458917215,3.9098132963169316,3.7027524416773367,0.20706085463959506,0.5946883098804407,0.049379966423557846,0.6440682763039985
2026-03-15 04:30:00,0.95,storage,0.7716706874077276,109.56900199461741,3.9079616490486204,3.7009007944090255,0.20706085463959506,0.5943426442766171,0.049354790970554195,0.6436974352471713
2026-03-15 05:00:00,0.95,storage,0.7712651112459873,109.51141663395376,3.906110860511868,3.699050005872273,0.20706085463959506,0.5939971742029488,0.04932962947283297,0.6433268036757818
2026-03-15 05:30:00,0.95,storage,0.7708596564269533,109.45384850202346,3.904260930349437,3.697200075709842,0.20706085463959506,0.5936518995527423,0.04930448192212319,0.6429563814748654
2026-03-15 06:00:00,0.95,storage,0.7704543229143098,109.39629759367045,3.902411858204227,3.695351003564632,0.20706085463959506,0.5933068202193573,0.04927934831015885,0.6425861685295161
2026-03-15 06:30:00,0.95,storage,0.7700491106717541,109.3387639037401,3.9005636437192535,3.6935027890796586,0.20706085463959506,0.5929619360962103,0.04925422862867923,0.6422161647248895
2026-03-15 07:00:00,0.95,storage,0.7696440196629918,109.28124742707932,3.8987162865376654,3.6916554318980705,0.20706085463959506,0.5926172470767718,0.04922912286942867,0.6418463699462004
2026-03-15 07:30:00,0.95,storage,0.7692390498517404,109.22374815853665,3.896869786302736,3.689808931663141,0.20706085463959506,0.5922727530545673,0.04920403102415669,0.641476784078724
2026-03-15 08:00:00,0.95,charging,0.7774575614311772,110.39028997810209,3.934001412485818,3.7272739458295217,0.2067274666562958,0.5992638264906434,0.04971323754932829,0.6489770640399717
2026-03-15 08:30:00,0.95,charging,0.7845657539447652,111.39919777193937,3.9670141646259087,3.7597782348547812,0.2072359297711272,0.6053412202034617,0.050155797603803655,0.6554970178072653
2026-03-15 09:00:00,0.95,charging,0.7907328217206074,112.27445421464284,3.995726244696836,3.788052979753847,0.20767326494298877,0.6106371404855021,0.05054138092632294,0.6611785214118251
2026-03-15 09:30:00,0.95,charging,0.796080958906533,113.0334109428815,4.020677486696479,3.8126282986412106,0.20804918805526823,0.6152473545666721,0.05087698961820224,0.6661243441848744
2026-03-15 10:00:00,0.95,charging,0.8007168872639798,113.69122498875288,4.042344141592029,3.833972003525949,0.20837213806607952,0.6192569046472819,0.05116883570941239,0.6704257403566943
2026-03-15 10:30:00,0.95,charging,0.8047337503302815,114.26112664531485,4.061145740390654,3.8524960111862194,0.20864972920443509,0.6227410750980913,0.05142241430659987,0.6741634894046912
2026-03-15 11:00:00,0.95,charging,0.8082127866380849,114.75465629237502,4.077450205418529,3.8685623166160465,0.20888788880248216,0.6257663329933567,0.051642573998404634,0.6774089069917614
2026-03-15 11:30:00,0.95,charging,0.8112248058681533,115.18187348830753,4.091580958973,3.882488495211974,0.20909246376102564,0.6283912229599401,0.051833583370734446,0.6802248063306746
2026-03-15 12:00:00,0.95,charging,0.8138314895741185,115.55154133527046,4.103820770623646,3.894552725240006,0.2092680453836393,0.6306672049041396,0.05199919296505655,0.6826663978691963
2026-03-15 12:30:00,0.95,charging,0.8160865360233989,115.87128884301607,4.114416928217293,3.904998339189882,0.20941858902741126,0.632639428592828,0.052142692357515695,0.6847821209503436
2026-03-15 13:00:00,0.95,charging,0.8180366667529683,116.14775375214873,4.123585617935078,3.9140379237191425,0.20954769421593503,0.6343474428779513,0.05226696227980482,0.6866144051577561
2026-03-15 13:30:00,0.95,charging,0.8197225106430668,116.38670803201947,4.131515387292557,3.9218569947110025,0.20965839258155583,0.635825839982381,0.052374521870050074,0.6882003618524312
2026-03-15 14:00:00,0.95,charging,0.8211793796638693,116.5931680416597,4.138370746058748,3.9286172777550927,0.20975346830365574,0.6371048370238538,0.052467571253140374,0.6895724082769941
2026-03-15 14:30:00,0.95,charging,0.8224379489448504,116.77149113400083,4.14429447215252,3.934459626012225,0.20983484614029488,0.6382107980766909,0.052548029719819915,0.6907588277965109
2026-03-15 15:00:00,0.95,charging,0.823524852447517,116.92546029352769,4.149411093397326,3.9395066076035565,0.20990448579376983,0.6391667007334358,0.052617569813714224,0.6917842705471501
2026-03-15 15:30:00,0.95,charging,0.8244632042817538,117.05835822466281,4.1538290210162305,3.9438647938515086,0.209964227164722,0.6399925514614416,0.05267764765376255,0.6926701991152041
2026-03-15 16:00:00,0.95,charging,0.8252730545859212,117.1730321516207,4.157642106353908,3.947626778244372,0.21001532810953596,0.6407057541502695,0.05272952982265988,0.6934352839729294
2026-03-15 16:30:00,0.95,charging,0.8259717878824814,117.2719504491626,4.160932158068639,3.9508729541503413,0.21005920391829752,0.6413214361868678,0.0527743171446221,0.69409575333149
2026-03-15 17:00:00,0.95,charging,0.8265744709156435,117.3572520965289,4.163769904970542,3.953673077250337,0.21009682772020524,0.6418527362303402,0.052812965661621206,0.6946657018919615
2026-03-15 17:30:00,0.95,charging,0.8270941561668044,117.43078983273388,4.166216536280561,3.9560876365194817,0.2101288997610788,0.6423110576256724,0.05284630509877912,0.6951573627244516
2026-03-15 18:00:00,0.95,storage,0.8266719979887979,117.37085232227703,4.1642477366041595,3.954118836843081,0.2101288997610788,0.6419384858144583,0.05281920380632835,0.6947576896207867
2026-03-15 18:30:00,0.95,storage,0.8262499661161659,117.31093274450541,4.16227984421431,3.9521509444532317,0.2101288997610788,0.6415661241899517,0.052792117612748685,0.6943582418027004
2026-03-15 19:00:00,0.95,storage,0.8258280605111064,117.2510310940521,4.160312858736671,3.9501839589755927,0.2101288997610788,0.6411939726379039,0.05276504650905347,0.6939590191469575
2026-03-15 19:30:00,0.95,storage,0.8254062811358308,117.19114736555166,4.158346779797033,3.948217880035954,0.2101288997610788,0.6408220310441234,0.05273799048626154,0.6935600215303849
2026-03-15 20:00:00,0.95,storage,0.8249846279525589,117.1312815536403,4.156381607021315,3.946252707260236,0.2101288997610788,0.640450299294478,0.05271094953539746,0.6931612488298756
2026-03-15 20:30:00,0.95,storage,0.8245631009235246,117.0714336529559,4.154417340035569,3.944288440274491,0.2101288997610788,0.640078777274894,0.052683923647491346,0.6927627009223855
2026-03-15 21:00:00,0.95,storage,0.8241417000109711,117.01160365813787,4.15245397846598,3.9423250787049007,0.2101288997610788,0.6397074648713568,0.05265691281357894,0.6923643776849358
2026-03-15 21:30:00,0.95,storage,0.8237204251771542,116.95179156382727,4.15049152193886,3.9403626221777817,0.2101288997610788,0.6393363619699093,0.052629917024701656,0.6919662789946109
2026-03-15 22:00:00,0.95,storage,0.82329927638434,116.89199736466676,4.148529970080654,3.9384010703195758,0.2101288997610788,0.6389654684566546,0.0526029362719065,0.6915684047285611
2026-03-15 22:30:00,0.95,storage,0.8228782535948066,116.83222105530064,4.14656932251794,3.9364404227568617,0.2101288997610788,0.6385947842177525,0.052575970546246124,0.6911707547639986
2026-03-15 23:00:00,0.95,storage,0.822457356770843,116.77246263037469,4.144609578877423,3.934480679116345,0.2101288997610788,0.6382243091394225,0.05254901983877878,0.6907733289782013
2026-03-15 23:30:00,0.95,storage,0.8220365858747493,116.71272208453637,4.1426507387859415,3.932521839024863,0.2101288997610788,0.6378540431079419,0.05252208414056819,0.69037612724851
2026-03-16 00:00:00,0.95,storage,0.8216159408688384,116.65299941243481,4.140692801870464,3.9305639021093857,0.2101288997610788,0.6374839860096477,0.05249516344268389,0.6899791494523316
2026-03-16 00:30:00,0.95,storage,0.8211954217154326,116.59329460872065,4.138735767758089,3.92860686799701,0.2101288997610788,0.6371141377309338,0.052468257736200986,0.6895823954671348
2026-03-16 01:00:00,0.95,storage,0.8207750283768661,116.5336076680462,4.1367796360760485,3.9266507363149694,0.2101288997610788,0.636744498158253,0.05244136701219998,0.689185865170453
2026-03-16 01:30:00,0.95,storage,0.8203547608154846,116.47393858506527,4.134824406451702,3.924695506690623,0.2101288997610788,0.6363750671781171,0.0524144912617672,0.6887895584398843
2026-03-16 02:00:00,0.95,storage,0.8199346189936455,116.41428735443334,4.13287007851254,3.9227411787514614,0.2101288997610788,0.6360058446770949,0.05238763047599441,0.6883934751530894
2026-03-16 02:30:00,0.95,storage,0.8195146028737159,116.35465397080755,4.130916651886188,3.920787752125109,0.2101288997610788,0.635636830541815,0.05236078464597905,0.687997615187794
2026-03-16 03:00:00,0.95,storage,0.8190947124180762,116.29503842884652,4.1289641262003975,3.9188352264393194,0.2101288997610788,0.6352680246589635,0.05233395376282406,0.6876019784217875
2026-03-16 03:30:00,0.95,storage,0.8186749475891165,116.23544072321054,4.127012501083051,3.916883601321972,0.2101288997610788,0.6348994269152842,0.05230713781763809,0.6872065647329224
2026-03-16 04:00:00,0.95,storage,0.8182553083492388,116.17586084856154,4.125061776162165,3.9149328764010862,0.2101288997610788,0.6345310371975809,0.052280336801535245,0.6868113739991161
2026-03-16 04:30:00,0.95,storage,0.8178357946608571,116.1162987995629,4.12311195106588,3.912983051304802,0.2101288997610788,0.634162855392714,0.05225355070563519,0.6864164060983493
2026-03-16 05:00:00,0.95,storage,0.8174164064863949,116.05675457087969,4.121163025422476,3.9110341256613976,0.2101288997610788,0.6337948813876023,0.052226779521063214,0.6860216609086656
2026-03-16 05:30:00,0.95,storage,0.8169971437882885,115.99722815717874,4.119214998860355,3.909086099099276,0.2101288997610788,0.6334271150692231,0.05220002323895015,0.6856271383081732
2026-03-16 06:00:00,0.95,storage,0.8165780065289848,115.93771955312812,4.117267871008054,3.907138971246976,0.2101288997610788,0.6330595563246119,0.052173281850432435,0.6852328381750443
2026-03-16 06:30:00,0.95,storage,0.8161589946709417,115.87822875339776,4.115321641494242,3.9051927417331638,0.2101288997610788,0.6326922050408625,0.05214655534665203,0.6848387603875146
2026-03-16 07:00:00,0.95,storage,0.8157401081766286,115.81875575265917,4.113376309947713,3.903247410186635,0.2101288997610788,0.6323250611051258,0.05211984371875636,0.6844449048238821
2026-03-16 07:30:00,0.95,storage,0.8153213470085272,115.75930054558535,4.1114318759973925,3.901302976236314,0.2101288997610788,0.6319581244046114,0.052093146957898497,0.68405127136251
